{
  "n_successful": 10,
  "n_failed": 0,
  "elapsed_seconds": 222.33,
  "metrics": {
    "final_musicality_score": {
      "n": 10,
      "mean": 0.7471488244201575,
      "std": 0.040640321172870725,
      "p10": 0.709743733714984,
      "median": 0.740617926154417,
      "p90": 0.8063624689964799,
      "min": 0.6818022853889558,
      "max": 0.8293537297944377
    },
    "l1_ks_correlation_keyC": {
      "n": 10,
      "mean": 0.9273874610829156,
      "std": 0.027389067610639025,
      "p10": 0.8867096065214284,
      "median": 0.9364061134338026,
      "p90": 0.9530936285537305,
      "min": 0.8801316003047516,
      "max": 0.9627342010953643
    },
    "l1_ks_correlation_realkey": {
      "n": 10,
      "mean": 0.9273874610829156,
      "std": 0.027389067610639025,
      "p10": 0.8867096065214284,
      "median": 0.9364061134338026,
      "p90": 0.9530936285537305,
      "min": 0.8801316003047516,
      "max": 0.9627342010953643
    },
    "l1_lz_ratio_keyC": {
      "n": 10,
      "mean": 0.35259143215272976,
      "std": 0.08548490139725215,
      "p10": 0.2956461980306346,
      "median": 0.3203166637058092,
      "p90": 0.43362844482484997,
      "min": 0.278125,
      "max": 0.5840978593272171
    },
    "l1_lz_ratio_realkey": {
      "n": 10,
      "mean": 0.35259143215272976,
      "std": 0.08548490139725215,
      "p10": 0.2956461980306346,
      "median": 0.3203166637058092,
      "p90": 0.43362844482484997,
      "min": 0.278125,
      "max": 0.5840978593272171
    },
    "l1_melodic_step_fraction_keyC": {
      "n": 10,
      "mean": 0.405471354726833,
      "std": 0.10786341138394348,
      "p10": 0.2966965117564388,
      "median": 0.36617400951467627,
      "p90": 0.5989069385638988,
      "min": 0.2755775577557756,
      "max": 0.6056338028169014
    },
    "l1_melodic_step_fraction_realkey": {
      "n": 10,
      "mean": 0.405471354726833,
      "std": 0.10786341138394348,
      "p10": 0.2966965117564388,
      "median": 0.36617400951467627,
      "p90": 0.5989069385638988,
      "min": 0.2755775577557756,
      "max": 0.6056338028169014
    },
    "l1_ngram_entropy_keyC": {
      "n": 10,
      "mean": 0.6970336751810448,
      "std": 0.08123697064209204,
      "p10": 0.6278384223700851,
      "median": 0.6768394541877989,
      "p90": 0.8085766957967252,
      "min": 0.5964568703969666,
      "max": 0.8783409648218861
    },
    "l1_ngram_entropy_realkey": {
      "n": 10,
      "mean": 0.6970336751810448,
      "std": 0.08123697064209204,
      "p10": 0.6278384223700851,
      "median": 0.6768394541877989,
      "p90": 0.8085766957967252,
      "min": 0.5964568703969666,
      "max": 0.8783409648218861
    },
    "l1_scale_adherence_keyC": {
      "n": 10,
      "mean": 0.7351562932776233,
      "std": 0.1685784168686452,
      "p10": 0.6301969365426696,
      "median": 0.7516198767889524,
      "p90": 0.8664062499999999,
      "min": 0.30196936542669583,
      "max": 1.0
    },
    "l1_scale_adherence_realkey": {
      "n": 10,
      "mean": 0.9441066260600349,
      "std": 0.10279500710527026,
      "p10": 0.7530708204334365,
      "median": 1.0,
      "p90": 1.0,
      "min": 0.7244582043343654,
      "max": 1.0
    },
    "l1_score_keyC": {
      "n": 10,
      "mean": 0.48396759623820096,
      "std": 0.24441203258020716,
      "p10": 0.0,
      "median": 0.6030406832051058,
      "p90": 0.6386196481505801,
      "min": 0.0,
      "max": 0.6494826566827779
    },
    "l1_score_realkey": {
      "n": 10,
      "mean": 0.5150756508594744,
      "std": 0.2586182487597122,
      "p10": 0.0,
      "median": 0.6385906881030758,
      "p90": 0.6752973020607179,
      "min": 0.0,
      "max": 0.6758745803995401
    },
    "l2_harmony_key_clarity": {
      "n": 10,
      "mean": 0.6371610105037689,
      "std": 0.09867722788773002,
      "p10": 0.5315948188304901,
      "median": 0.6265336275100708,
      "p90": 0.6887289822101592,
      "min": 0.5273001194000244,
      "max": 0.900541365146637
    },
    "l2_harmony_ks_correlation": {
      "n": 10,
      "mean": 0.8806027934734226,
      "std": 0.07390983771598635,
      "p10": 0.8315152427970723,
      "median": 0.9015586203470661,
      "p90": 0.9406535133509698,
      "min": 0.689227208351024,
      "max": 0.9690954153843943
    },
    "l2_harmony_mean": {
      "n": 10,
      "mean": 0.8041192158404588,
      "std": 0.02108291545356688,
      "p10": 0.7802721259873208,
      "median": 0.8062990635831686,
      "p90": 0.8320120148087181,
      "min": 0.7708404401542781,
      "max": 0.8407416345392856
    },
    "l2_harmony_stability": {
      "n": 10,
      "mean": 0.8945938435441848,
      "std": 0.02453495504364199,
      "p10": 0.8748715550237794,
      "median": 0.901635159197576,
      "p90": 0.9159206013965718,
      "min": 0.8338611574830235,
      "max": 0.9235572347073581
    },
    "l2_integ_clipping_ratio": {
      "n": 10,
      "mean": 1.1612610978218996e-05,
      "std": 3.31764369333976e-05,
      "p10": 0.0,
      "median": 0.0,
      "p90": 1.5464220343272504e-05,
      "min": 0.0,
      "max": 0.00011104850500562758
    },
    "l2_integ_crest_db": {
      "n": 10,
      "mean": 17.661236117779282,
      "std": 4.539507155804037,
      "p10": 10.351702323422385,
      "median": 18.653006515063097,
      "p90": 22.774683767576924,
      "min": 9.237505189040196,
      "max": 22.935027734516666
    },
    "l2_integ_dc_offset": {
      "n": 10,
      "mean": 0.000569144167820923,
      "std": 0.00026980572146888347,
      "p10": 0.00024002066056709736,
      "median": 0.0005168661155039445,
      "p90": 0.000899895915063098,
      "min": 0.00022664880088996142,
      "max": 0.0009476618142798543
    },
    "l2_integ_silence_ratio": {
      "n": 10,
      "mean": 0.06463656727327194,
      "std": 0.07559056247453556,
      "p10": 0.0,
      "median": 0.03403556808140368,
      "p90": 0.1669861062093412,
      "min": 0.0,
      "max": 0.22636473918317832
    },
    "l2_noise_music_signal_ratio": {
      "n": 10,
      "mean": 0.7560565522917392,
      "std": 0.025571337362539998,
      "p10": 0.7235356621012764,
      "median": 0.7603899929721125,
      "p90": 0.7871993005236567,
      "min": 0.7113715781748932,
      "max": 0.7966917588846422
    },
    "l2_noise_noise_level": {
      "n": 10,
      "mean": 0.24394344770826087,
      "std": 0.02557133736254,
      "p10": 0.21280069947634322,
      "median": 0.23961000702788754,
      "p90": 0.27646433789872366,
      "min": 0.20330824111535784,
      "max": 0.28862842182510684
    },
    "l2_noise_value": {
      "n": 10,
      "mean": 0.7560565522917392,
      "std": 0.025571337362539998,
      "p10": 0.7235356621012764,
      "median": 0.7603899929721125,
      "p90": 0.7871993005236567,
      "min": 0.7113715781748932,
      "max": 0.7966917588846422
    },
    "l2_rhythm_density": {
      "n": 10,
      "mean": 0.878231629865826,
      "std": 0.12796608982504862,
      "p10": 0.7907547467695274,
      "median": 0.902421260068269,
      "p90": 0.9950541370072051,
      "min": 0.5509226607077178,
      "max": 0.9969426636399921
    },
    "l2_rhythm_mean": {
      "n": 10,
      "mean": 0.7431088267790197,
      "std": 0.058943957475369096,
      "p10": 0.680995522704512,
      "median": 0.7283937302508883,
      "p90": 0.8396548946496748,
      "min": 0.6769121349554315,
      "max": 0.8587416923608994
    },
    "l2_rhythm_pattern": {
      "n": 10,
      "mean": 0.8207294166088104,
      "std": 0.16824613730117166,
      "p10": 0.59761563539505,
      "median": 0.8318099081516266,
      "p90": 1.0,
      "min": 0.5478615164756775,
      "max": 1.0
    },
    "l2_rhythm_regularity": {
      "n": 10,
      "mean": 0.9694971510723764,
      "std": 0.019224000509017115,
      "p10": 0.9373543359957066,
      "median": 0.9730954217329599,
      "p90": 0.988703780217956,
      "min": 0.9369631566259916,
      "max": 0.9891271913209633
    },
    "l2_rhythm_strength": {
      "n": 10,