{
  "n_successful": 9,
  "n_failed": 1,
  "elapsed_seconds": 193.87,
  "metrics": {
    "final_musicality_score": {
      "n": 9,
      "mean": 0.3905872663216418,
      "std": 0.008037976889283297,
      "p10": 0.3791952193752767,
      "median": 0.3920358264474069,
      "p90": 0.39918581078252185,
      "min": 0.37748981745402765,
      "max": 0.3998117616079474
    },
    "l1_ks_correlation_keyC": {
      "n": 9,
      "mean": 0.9326381122804894,
      "std": 0.02361818937911365,
      "p10": 0.8973750874060384,
      "median": 0.9430379151517415,
      "p90": 0.9541648032805786,
      "min": 0.8874404961010591,
      "max": 0.9627342010953643
    },
    "l1_ks_correlation_realkey": {
      "n": 9,
      "mean": 0.9326381122804894,
      "std": 0.02361818937911365,
      "p10": 0.8973750874060384,
      "median": 0.9430379151517415,
      "p90": 0.9541648032805786,
      "min": 0.8874404961010591,
      "max": 0.9627342010953643
    },
    "l1_lz_ratio_keyC": {
      "n": 9,
      "mean": 0.32686849580000893,
      "std": 0.038767731075137826,
      "p10": 0.29369939824945296,
      "median": 0.3173076923076923,
      "p90": 0.37316520593199687,
      "min": 0.278125,
      "max": 0.41690962099125367
    },
    "l1_lz_ratio_realkey": {
      "n": 9,
      "mean": 0.32686849580000893,
      "std": 0.038767731075137826,
      "p10": 0.29369939824945296,
      "median": 0.3173076923076923,
      "p90": 0.37316520593199687,
      "min": 0.278125,
      "max": 0.41690962099125367
    },
    "l1_melodic_step_fraction_keyC": {
      "n": 9,
      "mean": 0.3840615597850973,
      "std": 0.09134246694207279,
      "p10": 0.29434996131192065,
      "median": 0.36257309941520466,
      "p90": 0.48137520776834924,
      "min": 0.2755775577557756,
      "max": 0.6056338028169014
    },
    "l1_melodic_step_fraction_realkey": {
      "n": 9,
      "mean": 0.3840615597850973,
      "std": 0.09134246694207279,
      "p10": 0.29434996131192065,
      "median": 0.36257309941520466,
      "p90": 0.48137520776834924,
      "min": 0.2755775577557756,
      "max": 0.6056338028169014
    },
    "l1_ngram_entropy_keyC": {
      "n": 9,
      "mean": 0.6768884207765067,
      "std": 0.057222411342761015,
      "p10": 0.6243515832619608,
      "median": 0.6758776442687355,
      "p90": 0.7412442117484171,
      "min": 0.5964568703969666,
      "max": 0.8008251103494851
    },
    "l1_ngram_entropy_realkey": {
      "n": 9,
      "mean": 0.6768884207765067,
      "std": 0.057222411342761015,
      "p10": 0.6243515832619608,
      "median": 0.6758776442687355,
      "p90": 0.7412442117484171,
      "min": 0.5964568703969666,
      "max": 0.8008251103494851
    },
    "l1_scale_adherence_keyC": {
      "n": 9,
      "mean": 0.7427662517899519,
      "std": 0.17606021513140346,
      "p10": 0.6364871675459806,
      "median": 0.7595907928388747,
      "p90": 0.88125,
      "min": 0.30196936542669583,
      "max": 1.0
    },
    "l1_scale_adherence_realkey": {
      "n": 9,
      "mean": 0.9378962511778166,
      "std": 0.10656085731310415,
      "p10": 0.7498916408668731,
      "median": 1.0,
      "p90": 1.0,
      "min": 0.7244582043343654,
      "max": 1.0
    },
    "l1_score_keyC": {
      "n": 9,
      "mean": 0.5377417735980009,
      "std": 0.1935409296748913,
      "p10": 0.41406790508962693,
      "median": 0.6101253960042398,
      "p90": 0.6398266490986021,
      "min": 0.0,
      "max": 0.6494826566827779
    },
    "l1_score_realkey": {
      "n": 9,
      "mean": 0.5723062787327493,
      "std": 0.20386622980827654,
      "p10": 0.47285031680339185,
      "median": 0.6472261782581661,
      "p90": 0.6753614440983648,
      "min": 0.0,
      "max": 0.6758745803995401
    },
    "l2_harmony_key_clarity": {
      "n": 9,
      "mean": 0.6002634432580736,
      "std": 0.1201231228477135,
      "p10": 0.4953624904155731,
      "median": 0.5821492075920105,
      "p90": 0.7193520665168762,
      "min": 0.4822063148021698,
      "max": 0.8877668976783752
    },
    "l2_harmony_ks_correlation": {
      "n": 9,
      "mean": 0.8784910869696174,
      "std": 0.08100759448547427,
      "p10": 0.7939080728405105,
      "median": 0.9143255184485619,
      "p90": 0.9435049601947079,
      "min": 0.6784189250916959,
      "max": 0.965296430830618
    },
    "l2_harmony_mean": {
      "n": 9,
      "mean": 0.7922415014466433,
      "std": 0.02350152287254356,
      "p10": 0.7599969813561529,
      "median": 0.7994971904834447,
      "p90": 0.8144205867296354,
      "min": 0.7508009351153074,
      "max": 0.8300544601368361
    },
    "l2_harmony_stability": {
      "n": 9,
      "mean": 0.8979699741122388,
      "std": 0.02679971452845688,
      "p10": 0.8697494438030481,
      "median": 0.9057756745990498,
      "p90": 0.9256457393819887,
      "min": 0.8377635297549633,
      "max": 0.9269962410649419
    },
    "l2_integ_clipping_ratio": {
      "n": 9,
      "mean": 7.4489299628737755e-06,
      "std": 1.9202615150476202e-05,
      "p10": 0.0,
      "median": 0.0,
      "p90": 1.6504793010892687e-05,
      "min": 0.0,
      "max": 6.156735719381771e-05
    },
    "l2_integ_crest_db": {
      "n": 9,
      "mean": 18.189596405002245,
      "std": 3.6028474749126893,
      "p10": 14.474002008380328,
      "median": 18.58254476356308,
      "p90": 21.731182969338267,
      "min": 10.667189493566148,
      "max": 22.763368104886933
    },
    "l2_integ_dc_offset": {
      "n": 9,
      "mean": 0.000561762562332054,
      "std": 0.00026843850431025043,
      "p10": 0.00026991001213900746,
      "median": 0.0004604794958140701,
      "p90": 0.0009134756168350577,
      "min": 0.0002365071268286556,
      "max": 0.0010150264715775847
    },
    "l2_integ_silence_ratio": {
      "n": 9,
      "mean": 0.07355544957818443,
      "std": 0.0688081840499164,
      "p10": 0.0,
      "median": 0.0988630423418714,
      "p90": 0.14859319880327518,
      "min": 0.0,
      "max": 0.2033620336203362
    },
    "l2_noise_music_signal_ratio": {
      "n": 9,
      "mean": 0.7502843957089999,
      "std": 0.030294432849009605,
      "p10": 0.7138447994740316,
      "median": 0.7380695886795762,
      "p90": 0.7896121364658262,
      "min": 0.7099236736295716,
      "max": 0.7992047733400098
    },
    "l2_noise_noise_level": {
      "n": 9,
      "mean": 0.24971560429100023,
      "std": 0.030294432849009605,
      "p10": 0.21038786353417382,
      "median": 0.26193041132042383,
      "p90": 0.28615520052596843,
      "min": 0.20079522665999017,
      "max": 0.29007632637042835
    },
    "l2_noise_value": {
      "n": 9,
      "mean": 0.7502843957089999,
      "std": 0.030294432849009605,
      "p10": 0.7138447994740316,
      "median": 0.7380695886795762,
      "p90": 0.7896121364658262,
      "min": 0.7099236736295716,
      "max": 0.7992047733400098
    },
    "l2_rhythm_density": {
      "n": 9,
      "mean": 0.13344633475586445,
      "std": 0.02185649976315873,
      "p10": 0.112931777434581,
      "median": 0.1416983585934597,
      "p90": 0.14928959599496056,
      "min": 0.0768300457896889,
      "max": 0.1495413995459988
    },
    "l2_rhythm_mean": {
      "n": 9,
      "mean": 0.1816244075807538,
      "std": 0.014940389556416992,
      "p10": 0.16376584139966108,
      "median": 0.17838582420773413,
      "p90": 0.19910628857427434,
      "min": 0.16338519220982245,
      "max": 0.20860388946228758
    },
    "l2_rhythm_pattern": {
      "n": 9,
      "mean": 0.1651582267549303,
      "std": 0.033692098993397444,
      "p10": 0.1193198561668396,
      "median": 0.17599197626113894,
      "p90": 0.2,
      "min": 0.11246031522750854,
      "max": 0.2
    },
    "l2_rhythm_regularity": {
      "n": 9,
      "mean": 0.33987961434874375,
      "std": 0.006554280614664963,
      "p10": 0.3293263776288443,
      "median": 0.34206342228556397,
      "p90": 0.34586139434705826,
      "min": 0.3276723815033769,
      "max": 0.346394096971801
    },