{
  "n_successful": 94,
  "n_failed": 6,
  "elapsed_seconds": 2048.1,
  "metrics": {
    "final_musicality_score": {
      "n": 94,
      "mean": 0.5428440637206948,
      "std": 0.029670565677221636,
      "p10": 0.5053484152059253,
      "median": 0.540655162273481,
      "p90": 0.5864527215148896,
      "min": 0.47185001553754213,
      "max": 0.6015647147375969
    },
    "l1_ks_correlation_keyC": {
      "n": 94,
      "mean": 0.9166281499176823,
      "std": 0.04107325945557362,
      "p10": 0.8638299824846113,
      "median": 0.9203146195888292,
      "p90": 0.9624663250451055,
      "min": 0.7953746871992275,
      "max": 0.988554568985527
    },
    "l1_ks_correlation_realkey": {
      "n": 94,
      "mean": 0.9166281499176823,
      "std": 0.04107325945557362,
      "p10": 0.8638299824846113,
      "median": 0.9203146195888292,
      "p90": 0.9624663250451055,
      "min": 0.7953746871992275,
      "max": 0.988554568985527
    },
    "l1_lz_ratio_keyC": {
      "n": 94,
      "mean": 0.3558961510968815,
      "std": 0.10962746291023978,
      "p10": 0.24552940344925078,
      "median": 0.3287576269123507,
      "p90": 0.512421909753786,
      "min": 0.17985611510791366,
      "max": 0.7478260869565218
    },
    "l1_lz_ratio_realkey": {
      "n": 94,
      "mean": 0.3558961510968815,
      "std": 0.10962746291023978,
      "p10": 0.24552940344925078,
      "median": 0.3287576269123507,
      "p90": 0.512421909753786,
      "min": 0.17985611510791366,
      "max": 0.7478260869565218
    },
    "l1_melodic_step_fraction_keyC": {
      "n": 94,
      "mean": 0.3785872803271904,
      "std": 0.1359225239563205,
      "p10": 0.25076373714224803,
      "median": 0.3324125230202578,
      "p90": 0.6118814498599878,
      "min": 0.18128654970760233,
      "max": 0.6923076923076923
    },
    "l1_melodic_step_fraction_realkey": {
      "n": 94,
      "mean": 0.3785872803271904,
      "std": 0.1359225239563205,
      "p10": 0.25076373714224803,
      "median": 0.3324125230202578,
      "p90": 0.6118814498599878,
      "min": 0.18128654970760233,
      "max": 0.6923076923076923
    },
    "l1_ngram_entropy_keyC": {
      "n": 94,
      "mean": 0.7268603447910336,
      "std": 0.08755135653592191,
      "p10": 0.6248595283705453,
      "median": 0.712962652420606,
      "p90": 0.8607086927295527,
      "min": 0.5542861139135719,
      "max": 0.9413902807368071
    },
    "l1_ngram_entropy_realkey": {
      "n": 94,
      "mean": 0.7268603447910336,
      "std": 0.08755135653592191,
      "p10": 0.6248595283705453,
      "median": 0.712962652420606,
      "p90": 0.8607086927295527,
      "min": 0.5542861139135719,
      "max": 0.9413902807368071
    },
    "l1_scale_adherence_keyC": {
      "n": 94,
      "mean": 0.7728211584072434,
      "std": 0.19642107047545657,
      "p10": 0.5893617021276596,
      "median": 0.7797026079689566,
      "p90": 1.0,
      "min": 0.05901639344262295,
      "max": 1.0
    },
    "l1_scale_adherence_realkey": {
      "n": 94,
      "mean": 0.8779844284467493,
      "std": 0.15134856972860086,
      "p10": 0.6681204039611727,
      "median": 1.0,
      "p90": 1.0,
      "min": 0.5371900826446281,
      "max": 1.0
    },
    "l1_score_keyC": {
      "n": 94,
      "mean": 0.4660406790211706,
      "std": 0.25306884979258504,
      "p10": 0.0,
      "median": 0.5880843566174376,
      "p90": 0.6420158651340863,
      "min": 0.0,
      "max": 0.700425198091993
    },
    "l1_score_realkey": {
      "n": 94,
      "mean": 0.4797669001882047,
      "std": 0.25994972751338086,
      "p10": 0.0,
      "median": 0.6004860245221377,
      "p90": 0.6678219808124559,
      "min": 0.0,
      "max": 0.7086843217658733
    },
    "l2_harmony_key_clarity": {
      "n": 94,
      "mean": 0.6351985665077858,
      "std": 0.10209779039898578,
      "p10": 0.5191692590713501,
      "median": 0.6399818658828735,
      "p90": 0.7721341133117676,
      "min": 0.3944619596004486,
      "max": 0.9303041100502014
    },
    "l2_harmony_ks_correlation": {
      "n": 94,
      "mean": 0.8805637910813272,
      "std": 0.07991471787441039,
      "p10": 0.7590968662934222,
      "median": 0.9070605203731038,
      "p90": 0.9591817250005733,
      "min": 0.6645087102108171,
      "max": 0.9914678325652055
    },
    "l2_harmony_mean": {
      "n": 94,
      "mean": 0.8031119560222556,
      "std": 0.03612374670475311,
      "p10": 0.7567760859558614,
      "median": 0.8083628521355415,
      "p90": 0.846731948346226,
      "min": 0.7024096225242914,
      "max": 0.8704389419905274
    },
    "l2_harmony_stability": {
      "n": 94,
      "mean": 0.8935735104776538,
      "std": 0.03489432057653949,
      "p10": 0.8493918095941133,
      "median": 0.8999646936713519,
      "p90": 0.9300971776354221,
      "min": 0.7621133582261104,
      "max": 0.955772823370174
    },
    "l2_integ_clipping_ratio": {
      "n": 94,
      "mean": 0.00045360247644255126,
      "std": 0.0019190186663158159,
      "p10": 0.0,
      "median": 0.0,
      "p90": 0.0006863436026120835,
      "min": 0.0,
      "max": 0.016312090240266107
    },
    "l2_integ_crest_db": {
      "n": 94,
      "mean": 17.118748143229524,
      "std": 4.073590216280623,
      "p10": 10.695468124008453,
      "median": 17.679989750149943,
      "p90": 21.966414653740504,
      "min": 7.662467608314428,
      "max": 23.69693771299351
    },
    "l2_integ_dc_offset": {
      "n": 94,
      "mean": 0.0009998510995719119,
      "std": 0.001157801051809394,
      "p10": 0.00021247418044367805,
      "median": 0.0006299825035966933,
      "p90": 0.00204929851461202,
      "min": 2.210252432632842e-06,
      "max": 0.006857153493911028
    },
    "l2_integ_silence_ratio": {
      "n": 94,
      "mean": 0.05311119287815554,
      "std": 0.07772273817379217,
      "p10": 0.0,
      "median": 0.014720243300644024,
      "p90": 0.17128169140525945,
      "min": 0.0,
      "max": 0.4339691322073384
    },
    "l2_noise_music_signal_ratio": {
      "n": 94,
      "mean": 0.7541611069167359,
      "std": 0.025027857019527904,
      "p10": 0.7178248873757388,
      "median": 0.7541952894288626,
      "p90": 0.7849297456749988,
      "min": 0.6760752335409164,
      "max": 0.8123882066240723
    },
    "l2_noise_noise_level": {
      "n": 94,
      "mean": 0.2458388930832641,
      "std": 0.025027857019527897,
      "p10": 0.21507025432500115,
      "median": 0.24580471057113745,
      "p90": 0.2821751126242612,
      "min": 0.1876117933759277,
      "max": 0.32392476645908364
    },
    "l2_noise_value": {
      "n": 94,
      "mean": 0.7541611069167359,
      "std": 0.025027857019527904,
      "p10": 0.7178248873757388,
      "median": 0.7541952894288626,
      "p90": 0.7849297456749988,
      "min": 0.6760752335409164,
      "max": 0.8123882066240723
    },
    "l2_rhythm_density": {
      "n": 94,
      "mean": 0.13194203281654868,
      "std": 0.014083754986042278,
      "p10": 0.1125819349155941,
      "median": 0.13603409753644854,
      "p90": 0.14770328640885877,
      "min": 0.0768300457896889,
      "max": 0.1495413995459988
    },
    "l2_rhythm_mean": {
      "n": 94,
      "mean": 0.1819109992753651,
      "std": 0.01687597505780558,
      "p10": 0.1561251203683737,
      "median": 0.18509605930148804,
      "p90": 0.20163142819104296,
      "min": 0.14539844800722815,
      "max": 0.21275536876673043
    },
    "l2_rhythm_pattern": {
      "n": 94,
      "mean": 0.1653277548069649,
      "std": 0.03943253402314321,
      "p10": 0.10424504756927491,
      "median": 0.18344953656196594,
      "p90": 0.2,
      "min": 0.0789668381214142,
      "max": 0.2
    },
    "l2_rhythm_regularity": {
      "n": 94,
      "mean": 0.3395440710814877,
      "std": 0.006350299874878403,
      "p10": 0.32941679193194795,
      "median": 0.3414226427170716,
      "p90": 0.34583387450005787,
      "min": 0.3216885715302203,
      "max": 0.3480817678436552
    },
    "l2_rhythm_strength": {
      "n": 94,